{"cameraMode":{"drawMode":0,"name":"Shaded","section":"Shading Mode"},"sceneLighting":true,"audioPlay":false,"sceneViewState":{"m_AlwaysRefresh":false,"showFog":true,"showSkybox":true,"showFlares":true,"showImageEffects":true,"showParticleSystems":true,"showVisualEffectGraphs":true,"m_FxEnabled":true},"in2DMode":false,"pivot":{"x":501.1155700683594,"y":6.530006408691406,"z":467.1209411621094},"rotation":{"x":-0.004848354030400515,"y":-0.9226630926132202,"z":0.38543614745140078,"w":-0.011623003520071507},"size":66.70216369628906,"orthographic":false}